nom,mail,handle
AIX EN PROVENCE,communication@mairie-aixenprovence.fr,DemocratieAix
ALLAUCH,info@allauch.com,
ALLEINS,mairie.alleins@wanadoo.fr,
ARLES,lemaire@ville-arles.fr,
AUBAGNE,contact@mairie-aubagne.com,villedaubagne
AUREILLE,maire-mairie-aureille@wanadoo.fr,
AURIOL,mairie-auriol@wanadoo.fr,
AURONS,serrano.rm@wanadoo.fr,
BARBENTANE,contact.mairie@barbentane.fr,
BEAURECUEIL,beaurecueil-mairie@wanadoo.fr,
BELCODENE,mairie@belcodene.fr,
BERRE L ETANG,s.andreoni@berre-l-etang.fr,
BOUC BEL AIR,com@boucbelair.com,MairieBBA
BOULBON,mairiedeboulbon@wanadoo.fr,
CABANNES,mairiedecabannes@wanadoo.fr,LesCabannes09
CABRIES,com.mairie@cabries.fr,MairieCabries
CADOLIVE,mairie-cadolive@orange.fr,
CARNOUX EN PROVENCE,m.beguelin@mairie-carnoux.fr,
CARRY LE ROUET,mairie@mairie-carrylerouet.fr,
CASSIS EN PROVENCE,admingen@cassis.fr,
CEYRESTE,mairie.de.ceyreste@wanadoo.fr,
CHARLEVAL,roselyne.fabulet@charleval.net,
CHATEAUNEUF LE ROUGE,m.dubouchet@chateauneuflerouge.fr.,
CHATEAUNEUF LES MARTIGUES,gilbert.bonillo@chateauneuf-les-martigues.fr,
CHATEAURENARD,maire@chateaurenard.com,
CORNILLON CONFOUX,mairiecornilloncx@yahoo.fr,
COUDOUX,com.coudoux@free.fr,
CUGES LES PINS,mairie@cuges-les-pins.fr,
EGUILLES,mairie.eguilles@wanadoo.fr,
ENSUES LA REDONNE,"",
EYGALIERES,info@mairieeygalieres.fr,
EYGUIERES,maire@mairie-eyguieres.fr,
EYRAGUES,eyragues.mairie@wanadoo.fr,
FONTVIEILLE,mairie@fontvieille.fr,
FOS SUR MER,courrier@mairie-fos-sur-mer.fr,
FUVEAU,administration@fuveau.fr,
GARDANNE,info@ville-gardanne.fr,
GEMENOS,info@mairie-gemenos.fr,
GIGNAC LA NERTHE,communication@mairie-gignaclanerthe.fr,
GRANS,accueil.grans@orange.fr,
GRAVESON,mairie-graveson@ville-graveson.fr,
GREASQUE,mairie-greasque@ville-greasque.fr,
ISTRES,dgs@istres.fr,
JOUQUES,dgs.mairie-jouques@wanadoo.fr,MairiedeJouques
LA BARBEN,mairie.la-barben@wanadoo.fr,
LA BOUILLADISSE,mairilab@wanadoo.fr,
LA CIOTAT,communication@mairie-laciotat.fr,
LA DESTROUSSE,dgs@mairieladestrousse.com,
LA FARE LES OLIVIERS,mairie.lafare@wanadoo.fr,
LAMANON,contact@mairie-lamanon.fr,
LAMBESC,secretariat.lambesc@wanadoo.fr,
LANCON DE PROVENCE,dgs@lancon-provence.fr,
LA PENNE SUR HUVEAUNE,communication@mairie-lapennesurhuveaune.fr,
LA ROQUE D ANTHERON,mairie@ville-laroquedantheron.fr,
LE PUY SAINTE REPARADE,contact@mairie-lepuysaintereparade.fr,
LE ROVE,cabinet-maire@mairie-le-rove.fr,
LES BAUX DE PROVENCE,accueil-mairie@lesbauxdeprovence.com,
LES PENNES MIRABEAU,dgs@vlpm.com,
LE THOLONET,mairie.letholonet@wanadoo.fr,
MAILLANE,mairiedemaillane@wanadoo.fr,
MALLEMORT,mairie.mallemort@wanadoo.fr,
MARIGNANE,contact@ville-marignane.fr,
MARSEILLE,sgm-internet-direction@mairie-marseille.fr,brunogilles13
MARSEILLE SECTEUR 01,"",
MARSEILLE SECTEUR 02,"",
MARSEILLE SECTEUR 03,"",
MARSEILLE SECTEUR 04,"",
MARSEILLE SECTEUR 05,"",
MARSEILLE SECTEUR 06,dtian@mairie-marseille.fr,
MARSEILLE SECTEUR 07,webmaster@mairiedupremiersecteur.fr,
MARSEILLE SECTEUR 08,mairie-info15-16@mairie-marseille.fr,
MARTIGUES,le-maire@ville-martigues.fr,
MAS BLANC DES ALPILLES,mairie.mba@wanadoo.fr,
MAUSSANE LES ALPILLES,mairie-maussane-les-alpilles@wanadoo.fr,
MEYRARGUES,meyrarguesinfosmairie@wanadoo.fr,
MEYREUIL,info@ville-meyreuil.fr,
MIMET,mimet.mairie@wanadoo.fr,
MIRAMAS,le.maire@mairie-miramas.fr,miramas_ville
MOLLEGES,mairie-molleges@wanadoo.fr,
MOURIES,dgs@mairie-mouries.fr,
NOVES,mairie.de.noves@wanadoo.fr,
ORGON,mairie@orgon.fr,
PARADOU,mairie.paradou@wanadoo.fr,
PELISSANNE,mairie.pelissanne@wanadoo.fr,
PEYNIER,peynier.infos@ville-peynier.fr,
PEYPIN,mairie.peypin@orange.fr,
PEYROLLES EN PROVENCE,contact@mairie-peyrollesenprovence.fr,
PLAN DE CUQUES,mairie@plandecuques.fr,
PLAN D ORGON,mairie.de.plan.d-orgon@wanadoo.fr,
PORT DE BOUC,contact@portdebouc.fr,
PORT SAINT LOUIS DU RHONE,cabinetdumaire@portsaintlouis.fr,
PUYLOUBIER,mairie-de-puyloubier@wanadoo.fr,
ROGNAC,communication@mairie-rognac.fr,sabdelma13
ROGNES,info@ville-rognes.fr,
ROGNONAS,rognonas.accueil@wanadoo.fr,
ROQUEFORT LA BEDOULE,accueil@roquefort-labedoule.fr,
ROQUEVAIRE,contact@ville-roquevaire.fr,
ROUSSET,mairie@rousset-fr.com,MairieRousset
SAINT ANDIOL,mairie@st-andiol.fr,
SAINT ANTONIN SUR BAYON,mairiestantonin@wanadoo.fr,
SAINT CANNAT,webmestre@ville-saint-cannat.fr,
SAINT CHAMAS,contact@saint-chamas.com,
SAINTES MARIES DE LA MER,info@saintesmaries.com,
SAINT ESTEVE JANSON,saint-esteve-janson@wanadoo.fr,
SAINT ETIENNE DU GRES,"",
SAINT MARC JAUMEGARDE,mairie@saint-marc-jaumegarde.fr,
SAINT MARTIN DE CRAU,mairie-smc@ville-saint-martin-de-crau.fr,
SAINT MITRE LES REMPARTS,smi@saintmitrelesremparts.fr,
SAINT PAUL LES DURANCE,mairie@stpaul.fr,
SAINT PIERRE DE MEZOARGUE,mairie.spm@wanadoo.fr,
SAINT REMY DE PROVENCE,contact@mairie-saintremydeprovence.fr,
SAINT SAVOURNIN,mairie.stsavournin@wanadoo.fr,
SAINT VICTORET,contact@ville-saint-victoret.fr,
SALON DE PROVENCE,salon.etatcivil@salon-de-provence.org,
SAUSSET LES PINS,mairie-slp@ville-sausset-les-pins.fr,
SENAS,secretariat-maire@ville-de-senas.fr,
SEPTEMES LES VALLONS,secretariat@ville-septemes.fr,
SIMIANE COLLONGUE,accueil.mairie@simiane-collongue.fr,
TARASCON,courrier@mairie-tarascon13.fr,
TRETS,accueil@ville-de-trets.fr,
VAUVENARGUES,mairie-vauvenargues@wanadoo.fr,
VELAUX,scecom@mairie-de-velaux.fr,MVELAUX
VENELLES,communication@Venelles.fr,
VENTABREN,moyensgeneraux@ventabren.fr,13122Ventabren
VERNEGUES,mairie.vernegues@wanadoo.fr,
VERQUIERES,mairie-de-verquieres@wanadoo.fr,
VITROLLES,communication@ville-vitrolles13.fr,Marcel_Yde
AGHIONE,commune-aghione@wanadoo.fr,
AITI,"",
ALANDO,mairiealando@wanadoo.fr,
ALBERTACCE,mairie.albertacce.corse@wanadoo.fr,
ALERIA,commune.aleria@wanadoo.fr,
ALGAJOLA,mairie-algajola@wanadoo.fr,
ALTIANI,mairie.altiani@wanadoo.fr,
ALZI,mairie.alzi@wanadoo.fr,
AMPRIANI,mairie-ampriani@wanadoo.fr,
ANTISANTI,mairie.antisanti@wanadoo.fr,
AREGNO,mairie.aregno@wanadoo.fr,
ASCO,mairie.asco@corcikadsl.com,mairieasco
AVAPESSA,mairie.avapessa@wanadoo.fr,
BARBAGGIO,barbaggio@wanadoo.fr,
BARRETTALI,secretariat.barrettali@wanadoo.fr,CAPBARRETTALI
BASTIA,maire@ville-bastia.fr,Bonifayjeanyves
BELGODERE,mairie.belgodere@wanadoo.fr,
BIGORNO,"",
BIGUGLIA,mairie.biguglia@wanadoo.fr,MairieBiguglia
BISINCHI,mairie.bisinchi@wanadoo.fr,
BORGO,mairie-borgo@wanadoo.fr,MairieDeBorgo
BRANDO,Mairie-de-brando@wanadoo.fr,
BUSTANICO,mairie-de-bustanico@wanadoo.fr,
CAGNANO,mairie.de.cagnano@orange.fr,
CALACUCCIA,mairie.calacuccia@wanadoo.fr,
CALENZANA,mairie-calenzana@wanadoo.fr,
CALVI,infos@villedecalvi.fr,
CAMBIA,mairie.cambia@orange.fr,
CAMPANA,commune-de-campana@orange.fr,
CAMPI,campi.mairie@wanadoo.fr,
CAMPILE,mairie.campile@wanadoo.fr,
CAMPITELLO,commune.campitello@orange.fr,
CANALE DI VERDE,canalediverde@wanadoo.fr,
CANARI,mairiecanari@wanadoo.fr,
CANAVAGGIA,mairie.canavaggia@wanadoo.fr,
CARCHETO BRUSTICO,mairiecarcheto.brustico@wanadoo.fr,
CARPINETO,"",
CARTICASI,mairiecarticasi@orange.fr,
CASABIANCA,mairie.casabianca@wanadoo.fr,
CASALTA,mairie.casalta@wanadoo.fr,
CASAMACCIOLI,mairie.casamaccioli@orange.fr,
CASANOVA,commune-casanova-de-venaco@wanadoo.fr,
CASEVECCHIE,"",
CASTELLARE DI CASINCA,mairiecastellare@cegetel.net,
CASTELLARE DI MERCURIO,mairiedecastellare-di-mercurio@wanadoo.fr,
CASTELLO DI ROSTINO,mairie.castelludirustinu@wanadoo.fr,
CASTIFAO,mairie-de-castifao@wanadoo.fr,
CASTIGLIONE,mairie.castiglione@orange.fr,
CASTINETA,"",
CASTIRLA,communedecastirla@orange.fr,
CATERI,mairiedecateri@wanadoo.fr,
CENTURI,mairie-de-centuri@wanadoo.fr,
CERVIONE,mairie@cervione.com,
CHIATRA DI VERDE,chiatra.commune@wanadoo.fr,
CHISA,mairie.chisa@wanadoo.fr,
CORBARA,corbara3@wanadoo.fr,
CORSCIA,mairie-corscia@orange.fr,
CORTE,mairie@mairie-corte.fr,Jeanpacorte
COSTA,mairie.costa@wanadoo.fr,
CROCE,"",
CROCICCHIA,mairiedecrocicchia@orange.fr,
ERBAJOLO,mairie.erbajolo@orange.fr,
ERONE,"",
ERSA,mairieersa@wanadoo.fr,
FARINOLE,mairie.de.farinole@wanadoo.fr,
FAVALELLO,communedefavalello@orange.fr,
FELCE,"",
FELICETO,mairie.feliceto@sfr.fr,
FICAJA,mairieficaja@wanadoo.fr,
FOCICCHIA,mairie-focicchia@orange.fr,
FURIANI,babeth.vecchioli@wanadoo.fr,MairieFuriani
GALERIA,galeria.mairie@wanadoo.fr,
GAVIGNANO,mairie-gavignano@wanadoo.fr,
GHISONACCIA,mairie.ghisonaccia@wanadoo.fr,MairieGhisonacc
GHISONI,mairie.ghisoni@wanadoo.fr,
GIOCATOJO,mairie-giocatojo@wanadoo.fr,
GIUNCAGGIO,mairie-de-guincaggio@wanadoo.fr,
ISOLACCIO DI FIUMORBO,info@isolacciodifiumorbu.com,
LAMA,mairie-de-lama@wanadoo.fr,
LANO,"",
LA PORTA,mairielaporta@sfr.fr,
LAVATOGGIO,mairie.lavatoggio@wanadoo.fr,
LENTO,mairie.lento@orange.fr,LentoMairie
L ILE ROUSSE,ile-rousse.mairie@wanadoo.fr,
LINGUIZZETTA,mairie-linguizzetta@wanadoo.fr,
LORETO DI CASINCA,mairieloreto@wanadoo.fr,
LOZZI,cumuna-lozzi@orange.fr,
LUCCIANA,mairie-de-lucciana@wanadoo.fr,
LUGO DI NAZZA,lugodinazza2b@orange.fr,
LUMIO,info@mairie-lumio.fr,
LURI,mairiedeluri@wanadoo.fr,
MANSO,mairie@manso.fr,
MATRA,mairie.matra@wanadoo.fr,
MAUSOLEO,"",
MAZZOLA,mairie-de-mazzola.mairie-de-mazzola@wanadoo.fr,
MERIA,mairie.meria@wanadoo.fr,
MOITA,mairie.moita@wanadoo.fr,
MOLTIFAO,mairie.moltifao@orange.fr,
MONACIA D OREZZA,mairie.monacia.orezza@wanadoo.fr,
MONCALE,moncale.mairie@wanadoo.fr,
MONTE,monte.mairie@wanadoo.fr,
MONTEGROSSO,mairie.de.montegrosso@wanadoo.fr,
MONTICELLO,mairie-de-monticello@wanadoo.fr,
MOROSAGLIA,mairie.morosaglia@wanadoo.fr,morosagliapl
MORSIGLIA,yves.stella@wanadoo.fr,
MURACCIOLE,commune-muracciole@wanadoo.fr,
MURATO,mairiemurato@wanadoo.fr,
MURO,casacumuna.20225.muro@wanadoo.fr,
NESSA,mairiedenessa@orange.fr,
NOCARIO,mairiedenocario@orange.fr,
NOCETA,commune-noceta@wanadoo.fr,MairieNoceta
NONZA,nonza@wanadoo.fr,
NOVALE,mairie.novale@mic.fr,
NOVELLA,jean.padovani@wanadoo.fr,
OCCHIATANA,occhiatana@wanadoo.fr,
OGLIASTRO,mairieogliastru@wanadoo.fr,
OLCANI,mairieolcani@orange.fr,
OLETTA,oletta@wanadoo.fr,
OLMETA DI CAPO CORSO,olmeta.capocorso@wanadoo.fr,
OLMETA DI TUDA,olmeta.dituda.mairie@wanadoo.fr,
OLMI CAPPELLA,mairie-olmi-cappella@wanadoo.fr,
OLMO,mairieolmo@wanadoo.fr,
OMESSA,mairie-omessa@orange.fr,MairieOmessa
ORTALE,mairie.ortale@wanadoo.fr,
ORTIPORIO,mairiedortiporio@yahoo.fr,
PALASCA,mairiedepalasca@orange.fr,
PANCHERACCIA,mairie.pancheraccia@wanadoo.fr,
PARATA,mairie.parata@wanadoo.fr,
PATRIMONIO,secretariat.patrimonio@mic.fr,
PENTA ACQUATELLA,mairie.pentaacquatella@gmail.com,
PENTA DI CASINCA,mairie.pentadicasinca@wanadoo.fr,
PERELLI,"",
PERO CASEVECCHIE,perocasevecchie@wanadoo.fr,
PIANELLO,pianello.mairie@wanadoo.fr,
PIANO,mairie.piano@wanadoo.fr,
PIAZZALI,communedepiazzali@orange.fr,
PIAZZOLE,mairie.piazzole-orezza@wanadoo.fr,
PIEDICORTE DI GAGGIO,mairie.piedicorte@orange.fr,
PIEDICROCE,mairiepiedicroce@orange.fr,
PIEDIGRIGGIO,mairie-piedigriggio@wanadoo.fr,
PIEDIPARTINO,"",
PIE D OREZZA,"",
PIETRACORBARA,mairie.pietracorbara@wanadoo.fr,
PIETRA DI VERDE,mairie.pietradiverde@wanadoo.fr,
PIETRALBA,mairie-de-pietralba@wanadoo.fr,
PIETRASERENA,pietraserena.mairie@wanadoo.fr,
PIETRICAGGIO,mairie.pietricaggio@orange.fr,
PIETROSO,"",
PIEVE,mairie-de-pieve@orange.fr,
PIGNA,mairiepigna@orange.fr,
PINO,mairie.pino@orange.fr,
PIOBETTA,mairiedepiobbeta@orange.fr,
PIOGGIOLA,mairiepioggiola@orange.fr,
POGGIO DI NAZZA,mairie.poggio-di-nazza@orange.fr,
POGGIO DI VENACO,poggiodevenaco@aol.com,
POGGIO D OLETTA,mairie.poggiodoletta@wanadoo.fr,
POGGIO MARINACCIO,mairie.poggio.marinaccio@wanadoo.fr,
POGGIO MEZZANA,mairiepoggiomezzan@wanadoo.fr,
POLVEROSO,mairie-polveroso@orange.fr,
POPOLASCA,mairie.popolasca@wanadoo.fr,
PORRI,mairie.porri@wanadoo.fr,
PRATO DI GIOVELLINA,mairieprato@orange.fr,
PRUNELLI DI CASACCONI,mairie.prunelli-di-casacconi@orange.fr,
PRUNELLI DI FIUMORBO,mairiedeprunellidifiumorbu@orange.fr,
PRUNO,mairiedepruno@wanadoo.fr,
QUERCITELLO,"",
RAPAGGIO,"",MAIRIERAPAGGIO
RAPALE,mairiederapale@wanadoo.fr,
RIVENTOSA,mairie.riventosa@wanadoo.fr,
ROGLIANO,mairiederogliano@orange.fr,
ROSPIGLIANI,commune.de.rospigliani@wanadoo.fr,
RUSIO,mairie.rusio@orange.fr,
RUTALI,mairie.rutali@wanadoo.fr,
SAINT FLORENT,mairie.saint-florent.corse [ Ã  ] wanadoo.fr,Mairie_Niort
SALICETO,rrinaldi311@aol.com,
SAN DAMIANO,"",
SAN GAVINO D AMPUGNANI,commune-san-gavino-dampugnani@orange.fr,
SAN GAVINO DI FIUMORBO,mairie.sangavinodifiumo@wanadoo.fr,
SAN GAVINO DI TENDA,sangavinoditenda@orange.fr,
SAN GIOVANNI DI MORIANI,sangiovanni@wanadoo.fr,
SAN GIULIANO,san-giulianomairie@wanadoo.fr,
SAN LORENZO,mairie.sanlorenzo@gmail.com,
SAN MARTINO DI LOTA,mairiesanmartinodl@wanadoo.fr,
SAN NICOLAO,sn2b@wanadoo.fr,
SANTA LUCIA DI MERCURIO,pauluparigi@aol.com,
SANTA LUCIA DI MORIANI,mairie-santa-lucia-di-moriani@wanadoo.fr,
SANTA MARIA DI LOTA,SANTAMARIADILOTA@wanadoo.fr,Commune_SMDL
SANTA MARIA POGGIO,mairie.santamariapoghju@wanadoo.fr,
SANT ANDREA DI BOZIO,mairie.santandreadibozio@wanadoo.fr,
SANT ANDREA DI COTONE,mairie.santandreacotone@orange.fr,
SANT ANTONINO,mairiesantantonino@wanadoo.fr,
SANTA REPARATA DI BALAGNA,info@santareparata.fr,
SANTA REPARATA DI MORIANI,commune-santa-reparata-moriani@orange.fr,
SANTO PIETRO DI TENDA,mairie.santo-pietro-di-tenda@orange.fr,
SANTO PIETRO DI VENACO,santopietrodivenaco@hotmail.fr,
SCATA,"",
SCOLCA,mairiedescolca@yahoo.fr,
SERMANO,mairiedesermano@orange.fr,
SERRA DI FIUMORBO,mairieserra@wanadoo.fr,
SILVARECCIO,silvareccio@wanadoo.fr,
SISCO,mairie.sisco@wanadoo.fr,
SOLARO,communedesolaro@orange.fr,COMMUNEDESOLARO
SORBO OCAGNANO,mairie.sorbo@mic.fr,
SORIO,mairiedesorio@wanadoo.fr,
SOVERIA,mairiesoveria@orange.fr,
SPELONCATO,Jean-Francois.Poli@wanadoo.fr,
STAZZONA,"",
TAGLIO ISOLACCIO,mairie.taglio.isolaccio@wanadoo.fr,
TALASANI,mairietalasani@wanadoo.fr,
TALLONE,"",
TARRANO,"",
TOMINO,mairie.tomino@wanadoo.fr,
TOX,mairiedetox@wanadoo.fr,
TRALONCA,mairie-de-tralonca@orange.fr,
URTACA,mairie-urtaca@wanadoo.fr,
VALLECALLE,commune-vallecalle@wanadoo.fr,
VALLE D ALESANI,"",
VALLE DI CAMPOLORO,commune.valle-di-campoloro@wanadoo.fr,
VALLE DI ROSTINO,mairie-valledirostino@wanadoo.fr,
VALLE D OREZZA,"",
VALLICA,vallica.mairie@free.fr,
VELONE ORNETO,communedeveloneorneto@orange.fr,
VENACO,mairie.venaco@orange.fr,
VENTISERI,"",mairieVentiseri
VENZOLASCA,mairie.venzolasca@wanadoo.fr,
VERDESE,"",
VESCOVATO,mairie-vescovato@wanadoo.fr,
VEZZANI,vezzani2@wanadoo.fr,
VIGNALE,vignale.mairie@wanadoo.fr,
VILLE DI PARASO,mairie.ville.di.paraso@wanadoo.fr,
VILLE DI PIETRABUGNO,info@pietrabugno.com,
VIVARIO,mairie.vivario@wanadoo.fr,
VOLPAJOLA,mairie.de.volpajola@orange.fr,
ZALANA,mairiedezalana@wanadoo.fr,
ZILIA,mairie.zilia380@orange.fr,
ZUANI,"",
ANDELNANS,mairie.andelnans@libertysurf.fr,
ANGEOT,mairie.angeot@wanadoo.fr,
ANJOUTEY,mairie.danjoutey@wanadoo.fr,
ARGIESANS,mairie-argiesans@wanadoo.fr,
AUTRECHENE,mairie.autrechene@wanadoo.fr,
AUXELLES BAS,commune.auxelles.bas@wanadoo.fr,
AUXELLES HAUT,mairie.auxelleshaut@wanadoo.fr,
BANVILLARS,mairie.banvillars@wanadoo.fr,
BAVILLIERS,mairie@bavilliers.fr,
BEAUCOURT,contact@ville-beaucourt.fr,
BELFORT,courrier@mairie-belfort.fr,
BERMONT,mairie.bermont@wanadoo.fr,
BESSONCOURT,bessoncourt.mairie@wanadoo.fr,
BETHONVILLIERS,mairie.bethonvilliers@wanadoo.fr,
BORON,mairie.boron@wanadoo.fr,
BOTANS,mairie.debotans@wanadoo.fr,
BOURG SOUS CHATELET,mairiedebourg@wanadoo.fr,
BOUROGNE,mairie.bourogne@wanadoo.fr,
BREBOTTE,mairie.brebotte90@wanadoo.fr,
BRETAGNE,mairie-bretagne@wanadoo.fr,allomairieBZH
BUC,mairie-buc90@wanadoo.fr,
CHARMOIS,mairie.charmois@wanadoo.fr,
CHATENOIS LES FORGES,chatenois.mairie@wanadoo.fr,
CHAUX,mairie.chaux90@wanadoo.fr,
CHAVANATTE,mairie.chavanatte@laposte.net,
CHAVANNES LES GRANDS,mairie-chavanneslesgrands@wanadoo.fr ,
CHEVREMONT,commune-chevremont@wanadoo.fr,
COURCELLES,courcellesmairie@orange.fr,
COURTELEVANT,mairie-courtelevant@wanadoo.fr,
CRAVANCHE,contact@cravanche.fr,
CROIX,mairie.croix90@wanadoo.fr,LesCagettesDeJD
CUNELIERES,mairie-cunelieres@orange.fr,
DANJOUTIN,secretariat@mairiedanjoutin.fr,
DELLE,mairie@delle.fr,
DENNEY,mairie@denney.fr,denney90160
DORANS,mairie.dorans@wanadoo.fr,
EGUENIGUE,mairie.eguenigue@wanadoo.fr,
ELOIE,eloie.mairie@wanadoo.fr,
ESSERT,mairie@essert-france.eu,
ETUEFFONT,etueffont.mairie@wanadoo.fr,
EVETTE SALBERT,mairie@evettesalbert.fr,
FAVEROIS,mairie.faverois@wanadoo.fr,
FECHE L EGLISE,mairie.feche@wanadoo.fr,
FELON,mairiefelon@orange.fr,
FLORIMONT,mairie.de.florimont@wanadoo.fr,
FONTAINE,fontaine.mairie@wanadoo.fr,fontaine38600
FONTENELLE,mairie.fontenelle90@wanadoo.fr,
FOUSSEMAGNE,secretariat@foussemagne.com,
FRAIS,mairie.frais90@orange.fr,
FROIDEFONTAINE,mairie.froidefontaine@wanadoo.fr,
GIROMAGNY,mairie@giromagny.fr,
GRANDVILLARS,mairie.grandvillars@wanadoo.fr,
GROSMAGNY,mairie.grosmagny@wanadoo.fr,
GROSNE,mairie.grosne@wanadoo.fr,
JONCHEREY,mairie.joncherey@orange.fr,
LACHAPELLE SOUS CHAUX,mairie.lsc@wanadoo.fr,
LACHAPELLE SOUS ROUGEMONT,mairielachapelle-rougemont@wanadoo.fr,
LACOLLONGE,mairie.lacollonge@wanadoo.fr,
LAGRANGE,mairie.lagrange@wanadoo.fr,
LAMADELEINE VAL DES ANGES,lamadeleine-valdesanges@wanadoo.fr,
LARIVIERE,mairie.lariviere@wanadoo.fr,
LEBETAIN,lebetain.mairie@wanadoo.fr,
LEPUIX GY,mairielepuix-gy@wanadoo.fr,
LEPUIX NEUF,lepuixneuf.mairie@free.fr,
LEVAL,mairie.de.leval@wanadoo.fr,
MENONCOURT,mairie.menoncourt@wanadoo.fr,
MEROUX,mairie.meroux@wanadoo.fr,
MEZIRE,MAIRIE.MEZIRE@wanadoo.fr,
MONTBOUTON,mairiemontbouton@wanadoo.fr,
MONTREUX CHATEAU,mairie-montreux-chateau@wanadoo.fr,
MORVILLARS,communedemorvillars@orange.fr,
MOVAL,mairie-moval@wanadoo.fr,
NOVILLARD,mairie.novillard@wanadoo.fr,
OFFEMONT,contact@mairie-offemont.fr,
PEROUSE,mairie.perouse@wanadoo.fr,
PETIT CROIX,mairie.petit.croix@wanadoo.fr,
PETITEFONTAINE,mairie.petitefontaine@orange.fr,
PETITMAGNY,mairie.petitmagny@wanadoo.fr,
PHAFFANS,mairie-phaffans@wanadoo.fr,
RECHESY,mairie.rechesy@wanadoo.fr,
RECOUVRANCE,recouvrance.mairie@wanadoo.fr,
REPPE,commune.reppe@orange.fr,
RIERVESCEMONT,mairie.riervescemont@wanadoo.fr,
ROMAGNY SOUS ROUGEMONT,mairie-romagny-sous-rougemont@orange.fr,
ROPPE,mairie.roppe@wanadoo.fr,
ROUGEGOUTTE,mairie-rougegoutte@wanadoo.fr,
ROUGEMONT LE CHATEAU,mairie.rougemont-le-chateau@wanadoo.fr,
SAINT DIZIER L EVEQUE,mairiestdizier90@wanadoo.fr,
SAINT GERMAIN LE CHATELET,mairiesaintgermain@wanadoo.fr,
SERMAMAGNY,mairiedesermamagny@wanadoo.fr,
SEVENANS,mairiesevenans@wanadoo.fr,
SUARCE,mairie.suarce@gmail.com,
THIANCOURT,mairie.thiancourt@wanadoo.fr,
TREVENANS,mairie.trevenans@wanadoo.fr,
URCEREY,mairie.urcerey@wanadoo.fr,
VALDOIE,contact@mairievaldoie.com,
VAUTHIERMONT,mairie.vauthiermont@laposte.net,
VELLESCOT,mairie.vellescot@wanadoo.fr,
VESCEMONT,commune.vescemont@wanadoo.fr,
VETRIGNE,mairie.vetrigne@wanadoo.fr,
VEZELOIS,mairie.vezelois@laposte.net,
VILLARS LE SEC,mairie.villars90@gmail.com,
